kommun,bransch,annonser_topp4,andel_lokalt,andel_kedja_lokalt_kontor,andel_formedlare,andel_externt_namner_orten,andel_externt_namner_inte_orten,andel_oklassat,andel_internationella
enkoping,advokat,62,0.0000,0.1935,0.1290,0.0161,0.6452,0.0161,0.0000
enkoping,begravningsbyrå,55,0.0182,0.5636,0.0000,0.3636,0.0545,0.0000,0.0000
enkoping,betong,5,0.0000,0.0000,0.2000,0.0000,0.8000,0.0000,0.0000
enkoping,bilglas,50,0.0000,0.9200,0.0000,0.0000,0.0800,0.0000,0.0000
enkoping,bilrekond,7,0.0000,0.0000,0.0000,0.0000,1.0000,0.0000,0.0000
enkoping,bilverkstad,18,0.0000,0.0000,0.1111,0.5000,0.3889,0.0000,0.0000
enkoping,bokföring,84,0.0000,0.3452,0.0000,0.2976,0.3571,0.0000,0.0000
enkoping,catering,42,0.0000,0.0000,0.0000,0.7381,0.2619,0.0000,0.0000
enkoping,däckbyte,44,0.0000,0.5000,0.0000,0.2955,0.2045,0.0000,0.0000
enkoping,elektriker,94,0.0000,0.0319,0.3511,0.5106,0.1064,0.0000,0.0000
enkoping,energideklaration,107,0.0000,0.0187,0.0561,0.0467,0.8785,0.0000,0.0000
enkoping,flyttfirma,103,0.0000,0.0000,0.4660,0.3398,0.1942,0.0000,0.0000
enkoping,frisör,2,0.0000,0.0000,0.0000,0.0000,1.0000,0.0000,0.0000
enkoping,fönsterputs,86,0.0814,0.4302,0.0814,0.3023,0.1047,0.0000,0.0000
enkoping,glasmästare,32,0.0000,0.3438,0.0313,0.0000,0.3438,0.2813,0.0000
enkoping,gräv,11,0.0000,0.0000,0.1818,0.4545,0.3636,0.0000,0.0000
enkoping,hemstädning,81,0.0000,0.4444,0.2346,0.1852,0.1358,0.0000,0.0000
enkoping,hundtrim,2,0.5000,0.0000,0.0000,0.0000,0.5000,0.0000,0.0000
enkoping,husbesiktning,109,0.0000,0.0000,0.0550,0.0459,0.8991,0.0000,0.0000
enkoping,jurist,94,0.0000,0.4894,0.1596,0.0106,0.3404,0.0000,0.0000
enkoping,larm,46,0.0000,0.0000,0.0000,0.0000,1.0000,0.0000,0.0000
enkoping,lås,19,0.0000,0.0000,0.0000,0.6316,0.3684,0.0000,0.0000
enkoping,markarbete,65,0.0000,0.0000,0.3538,0.2923,0.3538,0.0000,0.0000
enkoping,massage,7,0.0000,0.7143,0.0000,0.0000,0.2857,0.0000,0.0000
enkoping,målare,69,0.0000,0.2029,0.4638,0.1884,0.1304,0.0145,0.0000
enkoping,mäklare,85,0.0000,0.1529,0.4706,0.2353,0.1059,0.0353,0.0000
enkoping,naprapat,51,0.0000,0.8235,0.0000,0.0000,0.1176,0.0588,0.0000
enkoping,optiker,58,0.0000,0.8966,0.0000,0.0172,0.0862,0.0000,0.0000
enkoping,plattsättare,54,0.0185,0.0000,0.3333,0.0370,0.5926,0.0185,0.0000
enkoping,revisor,77,0.0000,0.3506,0.0260,0.3636,0.2597,0.0000,0.0000
enkoping,rörmokare,72,0.0972,0.0278,0.2361,0.2917,0.3333,0.0139,0.0000
enkoping,skyltar,27,0.0000,0.0000,0.0000,0.0000,1.0000,0.0000,0.0000
enkoping,snickare,84,0.0000,0.2262,0.4881,0.0595,0.2143,0.0119,0.0000
enkoping,solceller,93,0.0000,0.0000,0.4301,0.0000,0.5591,0.0108,0.0000
enkoping,städfirma,74,0.0811,0.4324,0.1757,0.1622,0.1486,0.0000,0.0000
enkoping,takläggare,93,0.0000,0.0000,0.1398,0.5161,0.3441,0.0000,0.0000
enkoping,tandläkare,72,0.1389,0.4028,0.3611,0.0000,0.0694,0.0278,0.0000
enkoping,tryckeri,25,0.0000,0.0000,0.0000,0.0400,0.9600,0.0000,0.4400
enkoping,trädfällning,94,0.0000,0.0106,0.0638,0.5000,0.4255,0.0000,0.0000
enkoping,trädgårdsskötsel,72,0.0000,0.3333,0.2222,0.0972,0.3472,0.0000,0.0000
enkoping,ventilation,86,0.2093,0.0000,0.0116,0.4651,0.3023,0.0116,0.0000
enkoping,veterinär,11,0.6364,0.0000,0.0000,0.0000,0.3636,0.0000,0.0000
enkoping,visitkort,92,0.0000,0.0000,0.0000,0.3152,0.6848,0.0000,0.8478
enkoping,värmepump,82,0.0366,0.0000,0.2683,0.0244,0.6463,0.0244,0.0000
falkenberg,advokat,45,0.0667,0.1778,0.0889,0.0000,0.6444,0.0222,0.0000
falkenberg,begravningsbyrå,49,0.0000,0.5918,0.0000,0.3061,0.1020,0.0000,0.0000
falkenberg,betong,6,0.0000,0.0000,0.0000,0.0000,1.0000,0.0000,0.0000
falkenberg,bilglas,56,0.0000,0.9107,0.0000,0.0000,0.0714,0.0179,0.0000
falkenberg,bilrekond,1,0.0000,0.0000,0.0000,0.0000,1.0000,0.0000,0.0000
falkenberg,bilverkstad,19,0.0526,0.0526,0.1579,0.3158,0.3158,0.1053,0.0000
falkenberg,bokföring,70,0.0000,0.2714,0.0000,0.3000,0.4286,0.0000,0.0000
falkenberg,catering,21,0.0000,0.6667,0.0000,0.0000,0.3333,0.0000,0.0000
falkenberg,cykelreparation,1,1.0000,0.0000,0.0000,0.0000,0.0000,0.0000,0.0000
falkenberg,däckbyte,38,0.1316,0.5000,0.0000,0.0789,0.2632,0.0263,0.0000
falkenberg,elektriker,60,0.0000,0.0167,0.4500,0.3833,0.1500,0.0000,0.0000
falkenberg,energideklaration,79,0.0000,0.0000,0.1139,0.0000,0.8861,0.0000,0.0000
falkenberg,flyttfirma,75,0.0400,0.0000,0.4667,0.1467,0.3467,0.0000,0.0000
falkenberg,frisör,2,0.0000,0.0000,0.0000,0.0000,1.0000,0.0000,0.0000
falkenberg,fönsterputs,79,0.2025,0.1772,0.0127,0.3544,0.2532,0.0000,0.0000
falkenberg,glasmästare,7,0.0000,0.8571,0.0000,0.0000,0.1429,0.0000,0.0000
falkenberg,hemstädning,68,0.1029,0.0294,0.0294,0.6912,0.1324,0.0147,0.0000
falkenberg,husbesiktning,92,0.0000,0.0000,0.2391,0.0000,0.7609,0.0000,0.0000
falkenberg,jurist,81,0.0370,0.4198,0.2469,0.0000,0.2963,0.0000,0.0000
falkenberg,larm,47,0.0000,0.0000,0.0000,0.0000,1.0000,0.0000,0.0000
falkenberg,lås,18,0.3889,0.0000,0.0000,0.2778,0.3333,0.0000,0.0000
falkenberg,markarbete,19,0.0000,0.0000,0.1579,0.0000,0.8421,0.0000,0.0000
falkenberg,massage,5,0.8000,0.0000,0.0000,0.0000,0.2000,0.0000,0.0000
falkenberg,målare,56,0.0000,0.1607,0.4286,0.3750,0.0357,0.0000,0.0000
falkenberg,mäklare,69,0.0290,0.0725,0.4928,0.1014,0.3043,0.0000,0.0000
falkenberg,naprapat,12,0.2500,0.4167,0.0000,0.0000,0.3333,0.0000,0.0000
falkenberg,optiker,67,0.0000,0.8806,0.0000,0.0299,0.0896,0.0000,0.0000
falkenberg,plattsättare,22,0.0909,0.0000,0.5455,0.0455,0.3182,0.0000,0.0000
falkenberg,revisor,61,0.0000,0.2787,0.0164,0.3770,0.3279,0.0000,0.0000
falkenberg,rörmokare,57,0.0000,0.0175,0.2807,0.2982,0.4035,0.0000,0.0000
falkenberg,skyltar,4,0.0000,0.0000,0.0000,0.0000,1.0000,0.0000,0.2500
falkenberg,snickare,66,0.1818,0.1515,0.3333,0.1515,0.1818,0.0000,0.0000
falkenberg,solceller,80,0.0000,0.0000,0.3750,0.0000,0.6250,0.0000,0.0000
falkenberg,städfirma,48,0.1458,0.0208,0.0625,0.7083,0.0625,0.0000,0.0000
falkenberg,takläggare,72,0.1528,0.0000,0.1389,0.1111,0.5972,0.0000,0.0000
falkenberg,tandläkare,53,0.2264,0.3019,0.3774,0.0000,0.0943,0.0000,0.0000
falkenberg,tryckeri,8,0.0000,0.0000,0.0000,0.1250,0.8750,0.0000,0.5000
falkenberg,trädfällning,67,0.2537,0.0000,0.2090,0.1791,0.3284,0.0299,0.0000
falkenberg,trädgårdsskötsel,67,0.1045,0.3582,0.2239,0.1791,0.0746,0.0597,0.0000
falkenberg,ventilation,26,0.0000,0.1923,0.0000,0.3462,0.4615,0.0000,0.0000
falkenberg,visitkort,62,0.0000,0.0000,0.0000,0.3871,0.6129,0.0000,0.8226
falkenberg,värmepump,75,0.0000,0.0000,0.2800,0.1467,0.5733,0.0000,0.0000
